{
  "samples": 100,
  "total_time": 17.48474645614624,
  "throughput": 5.719270808462195,
  "rouge_scores": {
    "rouge-1": 0.25805775852382423,
    "rouge-2": 0.09671177278271616,
    "rouge-l": 0.18708340859285322
  },
  "estimated_full_time": 2337.3609062576293
}