{
  "run_id": "20260429-071649-46d82f8",
  "model_id": "Qwen/Qwen2.5-0.5B-Instruct",
  "output_tokens_target": 100,
  "warmup_runs": 2,
  "measured_runs": 5,
  "invalid_runs": 0,
  "verdict": "PASS",
  "stats_seconds": {
    "min": 0.6407838719896972,
    "max": 0.7868241048417985,
    "mean": 0.7273910040035844,
    "stddev": 0.05905187883037647,
    "p50": 0.7583864480257034,
    "p90": 0.7868241048417985,
    "p95": 0.7868241048417985,
    "p99": 0.7868241048417985
  },
  "tt100t_target_seconds": 1.1,
  "completed_at": "2026-04-29T08:33:06.587780+00:00"
}