{
  "run_id": "20260429-071649-46d82f8",
  "model_id": "Qwen/Qwen2.5-7B-Instruct",
  "output_tokens_target": 100,
  "warmup_runs": 2,
  "measured_runs": 5,
  "invalid_runs": 0,
  "verdict": "FAIL",
  "stats_seconds": {
    "min": 3.7134262761101127,
    "max": 3.747759724035859,
    "mean": 3.731458474183455,
    "stddev": 0.013625847539952787,
    "p50": 3.737571148900315,
    "p90": 3.747759724035859,
    "p95": 3.747759724035859,
    "p99": 3.747759724035859
  },
  "tt100t_target_seconds": 1.1,
  "completed_at": "2026-04-29T08:41:15.505003+00:00"
}